timestamp,url,url_based,content_based,dynamic,final,url_time,content_time,dynamic_time,total_time
2025-11-08 18:07:21+0900,https://buildersshow.com,정상,정상,정상,정상,4s,7s,66s,77s
2025-11-08 18:07:21+0900,https://gazprom.market,정상,정상,정상,정상,5s,7s,76s,88s
2025-11-08 18:07:38+0900,https://windowscanada.com,정상,정상,정상,정상,4s,6s,70s,80s
2025-11-08 18:07:48+0900,https://sabahparks.org.my,정상,정상,정상,정상,3s,3s,68s,74s
2025-11-08 18:07:21+0900,https://fabiusmaximus.com,정상,정상,정상,정상,4s,5s,127s,136s
2025-11-08 18:07:21+0900,https://nuso.cloud,정상,정상,정상,정상,5s,4s,128s,137s
2025-11-08 18:07:21+0900,https://ogmotoshow.com,정상,정상,정상,정상,5s,7s,133s,145s
2025-11-08 18:09:38+0900,https://udbaa.com,정상,정상,정상,정상,2s,4s,3s,9s
2025-11-08 18:07:21+0900,https://izone.edu.vn,정상,정상,정상,정상,5s,7s,136s,148s
2025-11-08 18:07:21+0900,https://th.gl,정상,정상,정상,정상,5s,4s,188s,197s
2025-11-08 18:07:39+0900,https://sotech.com,정상,정상,정상,정상,4s,4s,197s,205s
2025-11-08 18:10:05+0900,https://itopvpn.com,정상,정상,정상,정상,2s,4s,75s,81s
2025-11-08 18:07:44+0900,https://karibiya.ru,정상,정상,정상,정상,3s,5s,221s,229s
2025-11-08 18:08:47+0900,https://quiltingboard.com,정상,정상,정상,정상,3s,3s,174s,180s
2025-11-08 18:11:50+0900,https://snappmarket-cdn.com,비정상,SKIPPED,SKIPPED,비정상,2s,-,-,2s
2025-11-08 18:07:21+0900,https://radiodacha.ru,정상,정상,정상,정상,5s,7s,261s,273s
2025-11-08 18:08:49+0900,https://hiraoka.com.pe,정상,정상,정상,정상,3s,4s,183s,190s
2025-11-08 18:11:04+0900,https://sagawards.org,정상,정상,정상,정상,2s,3s,65s,70s
2025-11-08 18:09:02+0900,https://ipodlounge.com,정상,정상,정상,정상,2s,8s,190s,200s
2025-11-08 18:11:22+0900,https://minware.com,정상,정상,정상,정상,2s,3s,68s,73s
2025-11-08 18:09:46+0900,https://edersaas.ru,정상,정상,정상,정상,3s,3s,183s,189s
2025-11-08 18:08:46+0900,https://manteiatech.com,정상,정상,정상,정상,3s,5s,244s,252s
2025-11-08 18:12:48+0900,https://bipsolutions.com,정상,정상,정상,정상,2s,6s,3s,11s
2025-11-08 18:11:33+0900,https://datavilla.ng,정상,정상,정상,정상,3s,4s,79s,86s
2025-11-08 18:11:58+0900,https://gogoflix.net,정상,정상,정상,정상,3s,4s,67s,74s
2025-11-08 18:11:53+0900,https://hagebau.de,정상,정상,정상,정상,3s,6s,71s,80s
2025-11-08 18:12:35+0900,https://icewalkers.com,정상,정상,정상,정상,3s,4s,67s,74s
2025-11-08 18:10:43+0900,https://zoohit.cz,정상,정상,정상,정상,2s,4s,198s,204s
2025-11-08 18:12:58+0900,https://hawkit.ng,정상,정상,정상,정상,3s,3s,65s,71s
2025-11-08 18:12:59+0900,https://clubcrossdressing.com,정상,정상,정상,정상,3s,5s,66s,74s
2025-11-08 18:12:05+0900,https://starbucks.co.jp,정상,정상,정상,정상,2s,3s,127s,132s
2025-11-08 18:11:43+0900,https://firmenonline.de,정상,정상,정상,정상,1s,4s,164s,169s
2025-11-08 18:13:13+0900,https://fondationorange.com,정상,정상,정상,정상,2s,3s,76s,81s
2025-11-08 18:10:45+0900,https://suprabhaatham.com,정상,정상,정상,정상,2s,3s,225s,230s
2025-11-08 18:12:23+0900,https://nexford.org,정상,정상,정상,정상,3s,4s,129s,136s
2025-11-08 18:12:09+0900,https://kemerovo.ru,정상,정상,정상,정상,2s,6s,153s,161s
2025-11-08 18:15:04+0900,https://rtpslotpatih07219.com,비정상,SKIPPED,SKIPPED,비정상,2s,-,-,2s
2025-11-08 18:12:59+0900,https://interiordesign.net,정상,정상,정상,정상,3s,2s,126s,131s
2025-11-08 18:14:07+0900,https://gamehours.com,정상,정상,정상,정상,1s,3s,65s,69s
2025-11-08 18:14:26+0900,https://dataforsyningen.dk,정상,정상,정상,정상,2s,2s,67s,71s
2025-11-08 18:14:34+0900,https://vitaz.be,정상,정상,정상,정상,3s,5s,70s,78s
2025-11-08 18:16:12+0900,https://starconect.com.br,정상,정상,정상,정상,2s,3s,2s,8s
2025-11-08 18:12:55+0900,https://chatgptbygoogle.com,정상,정상,정상,정상,2s,4s,199s,205s
2025-11-08 18:11:33+0900,https://alinacernatescu.fashion,정상,정상,정상,정상,3s,5s,281s,289s
2025-11-08 18:12:01+0900,https://doodledoods.com,정상,정상,정상,정상,3s,3s,257s,263s
2025-11-08 18:15:11+0900,https://thecubanhistory.com,정상,정상,정상,정상,2s,4s,68s,74s
2025-11-08 18:16:29+0900,https://damdiplomrus.com,비정상,SKIPPED,SKIPPED,비정상,4s,-,-,4s
2025-11-08 18:16:32+0900,https://spincity-casinos.click,비정상,SKIPPED,SKIPPED,비정상,3s,-,-,3s
2025-11-08 18:15:52+0900,https://ymail.com,정상,정상,정상,정상,2s,2s,65s,69s
2025-11-08 18:14:13+0900,https://dha.gov.ae,정상,정상,정상,정상,2s,4s,164s,170s
2025-11-08 18:16:20+0900,https://smedia.com.au,정상,정상,정상,정상,2s,5s,74s,81s
2025-11-08 18:15:10+0900,https://porshe-design.com,정상,정상,정상,정상,2s,4s,152s,158s
2025-11-08 18:16:36+0900,https://individual.com,정상,정상,정상,정상,4s,3s,66s,73s
2025-11-08 18:16:48+0900,https://pixartprinting.com.pt,정상,정상,정상,정상,2s,5s,66s,73s
2025-11-08 18:14:39+0900,https://correiodolitoral.com,정상,정상,정상,정상,2s,5s,204s,211s
2025-11-08 18:17:01+0900,https://uniroyal-tyres.com,정상,정상,정상,정상,3s,4s,68s,75s
2025-11-08 18:15:03+0900,https://route.com,정상,정상,정상,정상,3s,3s,187s,193s
2025-11-08 18:18:16+0900,https://vortic-united.com,비정상,SKIPPED,SKIPPED,비정상,3s,-,-,3s
2025-11-08 18:16:25+0900,https://usehardal.com,정상,정상,정상,정상,3s,4s,135s,142s
2025-11-08 18:17:44+0900,https://hentaidatia.com,정상,정상,정상,정상,2s,2s,66s,70s
2025-11-08 18:16:35+0900,https://studebakerdriversclub.com,정상,정상,정상,정상,3s,5s,135s,143s
2025-11-08 18:17:49+0900,https://lvvip7.com,정상,정상,정상,정상,3s,2s,70s,75s
2025-11-08 18:17:03+0900,https://sputniknews.com,정상,정상,정상,정상,3s,4s,133s,140s
2025-11-08 18:15:56+0900,https://pmsrv.co,정상,정상,정상,정상,2s,5s,204s,211s
2025-11-08 18:18:28+0900,https://torontofoodfilmfest.com,정상,정상,정상,정상,3s,2s,63s,68s
2025-11-08 18:18:27+0900,https://jocr.jp,정상,정상,정상,정상,3s,3s,68s,74s
2025-11-08 18:15:37+0900,https://kutub-pdf-ar.com,정상,정상,정상,정상,2s,3s,263s,268s
2025-11-08 18:20:09+0900,https://prekudinish.com,비정상,SKIPPED,SKIPPED,비정상,2s,-,-,2s
2025-11-08 18:18:01+0900,https://thecpapclinic.com.au,정상,정상,정상,정상,3s,5s,138s,146s
2025-11-08 18:13:23+0900,https://sreesundartex.com,정상,정상,정상,정상,3s,3s,428s,434s
2025-11-08 18:19:27+0900,https://gloucesterrugby.co.uk,정상,정상,정상,정상,3s,5s,65s,73s
2025-11-08 18:18:28+0900,https://apolearn.com,정상,정상,정상,정상,3s,4s,126s,133s
2025-11-08 18:18:19+0900,https://bazaretala.com,정상,정상,정상,정상,4s,5s,135s,144s
2025-11-08 18:18:47+0900,https://vasco-technologies.com,정상,정상,정상,정상,2s,4s,146s,152s
2025-11-08 18:20:11+0900,https://kidsvideoshow.com,정상,정상,정상,정상,2s,3s,65s,70s
2025-11-08 18:19:04+0900,https://gizzmo.hr,정상,정상,정상,정상,2s,5s,136s,143s
2025-11-08 18:20:40+0900,https://garnier.it,정상,정상,정상,정상,3s,3s,64s,70s
2025-11-08 18:20:50+0900,https://huddle.gg,정상,정상,정상,정상,3s,4s,64s,71s
2025-11-08 18:21:21+0900,https://facebook.com,정상,정상,정상,정상,3s,3s,63s,69s
2025-11-08 18:18:58+0900,https://astrecdata.com,정상,정상,정상,정상,2s,6s,219s,227s
2025-11-08 18:21:50+0900,https://amazon.com,정상,정상,정상,정상,2s,3s,63s,68s
2025-11-08 18:22:02+0900,https://qq.com,정상,정상,정상,정상,1s,3s,63s,67s
2025-11-08 18:20:47+0900,https://lagerhaus.se,정상,정상,정상,정상,3s,8s,142s,153s
2025-11-08 18:19:27+0900,https://pixiemarket.com,정상,정상,정상,정상,3s,3s,246s,252s
2025-11-08 18:21:27+0900,https://baidu.com,정상,정상,정상,정상,3s,2s,137s,142s
2025-11-08 18:20:34+0900,https://gastrobolt.hu,정상,정상,정상,정상,2s,6s,191s,199s
2025-11-08 18:22:45+0900,https://vk.com,정상,정상,정상,정상,2s,5s,83s,90s
2025-11-08 18:23:09+0900,https://linkedin.com,정상,정상,정상,정상,2s,2s,63s,67s
2025-11-08 18:21:15+0900,https://qlub.io,정상,정상,정상,정상,2s,3s,189s,194s
2025-11-08 18:21:19+0900,https://youtube.com,정상,정상,정상,정상,3s,3s,185s,191s
2025-11-08 18:22:24+0900,https://taobao.com,정상,정상,정상,정상,1s,2s,124s,127s
2025-11-08 18:20:27+0900,https://mahindramanulife.com,정상,정상,정상,정상,2s,5s,239s,246s
2025-11-08 18:22:28+0900,https://tmall.com,정상,정상,정상,정상,3s,3s,126s,132s
2025-11-08 18:24:15+0900,https://office.com,정상,정상,정상,정상,2s,2s,65s,69s
2025-11-08 18:22:30+0900,https://instagram.com,정상,정상,정상,정상,2s,4s,183s,189s
2025-11-08 18:22:58+0900,https://reddit.com,정상,정상,정상,정상,2s,2s,184s,188s
2025-11-08 18:24:59+0900,https://spotify.com,정상,정상,정상,정상,2s,2s,66s,70s
2025-11-08 18:24:31+0900,https://paypal.com,정상,정상,정상,정상,2s,4s,124s,130s
2025-11-08 18:25:39+0900,https://bitly.com,정상,정상,정상,정상,2s,2s,64s,68s
2025-11-08 18:25:46+0900,https://cnn.com,정상,정상,정상,정상,2s,2s,62s,66s
2025-11-08 18:24:57+0900,https://salesforce.com,정상,정상,정상,정상,2s,4s,133s,139s
2025-11-08 18:26:10+0900,https://forbes.com,정상,정상,정상,정상,2s,2s,64s,68s
2025-11-08 18:24:16+0900,https://bing.com,정상,정상,정상,정상,2s,2s,192s,196s
2025-11-08 18:25:24+0900,https://dropbox.com,정상,정상,정상,정상,2s,3s,123s,128s
2025-11-08 18:24:33+0900,https://stackoverflow.com,정상,정상,정상,정상,3s,4s,186s,193s
2025-11-08 18:23:44+0900,https://github.com,정상,정상,정상,정상,2s,2s,244s,248s
2025-11-08 18:26:47+0900,https://ikea.com,정상,정상,정상,정상,1s,3s,63s,67s
2025-11-08 18:27:36+0900,https://medium.com,정상,정상,정상,정상,2s,2s,63s,67s
2025-11-08 18:27:46+0900,https://naver.com,정상,정상,정상,정상,2s,2s,62s,66s
2025-11-08 18:24:42+0900,https://pinterest.com,정상,정상,정상,정상,3s,2s,247s,252s
2025-11-08 18:27:55+0900,https://zoom.us,정상,정상,정상,정상,2s,3s,65s,70s
2025-11-08 18:26:09+0900,https://nytimes.com,정상,정상,정상,정상,3s,2s,184s,189s
2025-11-08 18:26:06+0900,https://bbc.co.uk,정상,정상,정상,정상,2s,2s,191s,195s
2025-11-08 18:27:18+0900,https://lyft.com,정상,정상,정상,정상,2s,4s,124s,130s
2025-11-08 18:26:55+0900,https://airbnb.com,정상,정상,정상,정상,2s,3s,186s,191s
2025-11-08 18:29:05+0900,https://gitlab.com,정상,정상,정상,정상,2s,2s,65s,70s
2025-11-08 18:26:14+0900,https://walmart.com,정상,정상,정상,정상,2s,2s,244s,248s
2025-11-08 18:29:18+0900,https://imgur.com,정상,정상,정상,정상,2s,3s,65s,70s
2025-11-08 18:29:21+0900,https://flickr.com,정상,정상,정상,정상,2s,3s,63s,68s
2025-11-08 18:28:43+0900,https://slack.com,정상,정상,정상,정상,2s,2s,123s,127s
2025-11-08 18:29:45+0900,https://weebly.com,정상,정상,정상,정상,2s,3s,64s,69s
2025-11-08 18:28:54+0900,https://trello.com,정상,정상,정상,정상,2s,2s,123s,127s
2025-11-08 18:28:52+0900,https://notion.so,정상,정상,정상,정상,2s,3s,133s,138s
2025-11-08 18:30:06+0900,https://scribd.com,정상,정상,정상,정상,2s,1s,63s,66s
2025-11-08 18:29:02+0900,https://bitbucket.org,정상,정상,정상,정상,2s,3s,125s,130s
2025-11-08 18:29:28+0900,https://box.com,정상,정상,정상,정상,3s,2s,123s,128s
2025-11-08 18:30:22+0900,https://nih.gov,정상,정상,정상,정상,2s,4s,70s,76s
2025-11-08 18:26:41+0900,https://target.com,정상,정상,정상,정상,2s,2s,307s,311s
2025-11-08 18:30:50+0900,https://gov.uk,정상,정상,정상,정상,2s,3s,63s,68s
2025-11-08 18:30:54+0900,https://whitehouse.gov,정상,정상,정상,정상,2s,2s,63s,67s
2025-11-08 18:31:01+0900,https://europa.eu,정상,정상,정상,정상,2s,5s,71s,78s
2025-11-08 18:31:12+0900,https://worldbank.org,정상,정상,정상,정상,2s,3s,63s,68s
2025-11-08 18:31:58+0900,https://nhl.com,정상,정상,정상,정상,2s,3s,64s,69s
2025-11-08 18:32:01+0900,https://fifa.com,정상,정상,정상,정상,2s,2s,64s,68s
2025-11-08 18:32:21+0900,https://patreon.com,정상,정상,정상,정상,2s,3s,63s,68s
2025-11-08 18:27:22+0900,https://yelp.com,정상,정상,정상,정상,2s,3s,367s,372s
2025-11-08 18:31:36+0900,https://rottentomatoes.com,정상,정상,정상,정상,2s,2s,125s,129s
2025-11-08 18:31:38+0900,https://espn.com,정상,정상,정상,정상,2s,3s,124s,129s
2025-11-08 18:30:15+0900,https://academia.edu,정상,정상,정상,정상,1s,4s,245s,250s
2025-11-08 18:34:40+0900,https://investopedia.com,비정상,SKIPPED,SKIPPED,비정상,1s,-,-,1s
2025-11-08 18:31:38+0900,https://nba.com,정상,정상,정상,정상,2s,3s,187s,192s
2025-11-08 18:28:55+0900,https://asana.com,정상,정상,정상,정상,2s,2s,366s,370s
2025-11-08 18:26:52+0900,https://booking.com,정상,정상,정상,정상,3s,4s,487s,494s
2025-11-08 18:33:07+0900,https://sephora.com,정상,정상,정상,정상,2s,2s,124s,128s
2025-11-08 18:33:57+0900,https://usps.com,정상,정상,정상,정상,2s,4s,75s,81s
2025-11-08 18:34:12+0900,https://guardian.co.uk,정상,정상,정상,정상,2s,2s,65s,69s
2025-11-08 18:31:52+0900,https://mlb.com,정상,정상,정상,정상,2s,3s,216s,221s
2025-11-08 18:34:25+0900,https://cnbc.com,정상,정상,정상,정상,2s,3s,65s,70s
2025-11-08 18:33:37+0900,https://uniqlo.com,정상,정상,정상,정상,2s,2s,125s,129s
2025-11-08 18:34:50+0900,https://wellsfargo.com,정상,정상,정상,정상,2s,2s,64s,68s
2025-11-08 18:32:20+0900,https://twitch.tv,정상,정상,정상,정상,2s,2s,245s,249s
2025-11-08 18:35:35+0900,https://kubernetes.io,정상,정상,정상,정상,2s,2s,63s,67s
2025-11-08 18:35:25+0900,https://airtable.com,정상,정상,정상,정상,2s,4s,79s,85s
2025-11-08 18:34:48+0900,https://chase.com,정상,정상,정상,정상,2s,3s,134s,139s
2025-11-08 18:35:15+0900,https://robinhood.com,정상,정상,정상,정상,2s,3s,125s,130s
2025-11-08 18:35:25+0900,https://okx.com,정상,정상,정상,정상,3s,2s,123s,128s
2025-11-08 18:36:29+0900,https://apps.apple.com,정상,정상,정상,정상,2s,1s,63s,66s
2025-11-08 18:35:33+0900,https://docker.com,정상,정상,정상,정상,2s,2s,124s,128s
2025-11-08 18:34:22+0900,https://msnbc.com,정상,정상,정상,정상,2s,2s,217s,221s
2025-11-08 18:35:06+0900,https://venmo.com,정상,정상,정상,정상,2s,3s,184s,189s
2025-11-08 18:35:58+0900,https://redhat.com,정상,정상,정상,정상,2s,3s,139s,144s
2025-11-08 18:37:19+0900,https://coursera.org,정상,정상,정상,정상,2s,2s,64s,68s
2025-11-08 18:37:41+0900,https://stanford.edu,정상,정상,정상,정상,3s,2s,65s,70s
2025-11-08 18:37:37+0900,https://freecodecamp.org,정상,정상,정상,정상,3s,3s,72s,78s
2025-11-08 18:36:50+0900,https://dev.to,정상,정상,정상,정상,2s,2s,124s,128s
2025-11-08 18:38:03+0900,https://harvard.edu,정상,정상,정상,정상,1s,2s,65s,68s
2025-11-08 18:37:07+0900,https://hackernoon.com,정상,정상,정상,정상,2s,1s,125s,128s
2025-11-08 18:38:22+0900,https://cam.ac.uk,정상,정상,정상,정상,2s,2s,63s,67s
2025-11-08 18:38:15+0900,https://ox.ac.uk,정상,정상,정상,정상,2s,3s,71s,76s
2025-11-08 18:38:27+0900,https://springer.com,정상,정상,정상,정상,2s,3s,64s,69s
2025-11-08 18:37:36+0900,https://codecademy.com,정상,정상,정상,정상,2s,3s,126s,131s
2025-11-08 18:33:09+0900,https://ulta.com,정상,정상,정상,정상,2s,4s,402s,408s
2025-11-08 18:38:55+0900,https://nature.com,정상,정상,정상,정상,2s,5s,65s,72s
2025-11-08 18:31:12+0900,https://imdb.com,정상,정상,정상,정상,2s,6s,547s,555s
2025-11-08 18:38:48+0900,https://acm.org,정상,정상,정상,정상,2s,3s,124s,129s
2025-11-08 18:39:57+0900,https://elpais.com,정상,정상,정상,정상,2s,4s,67s,73s
2025-11-08 18:39:04+0900,https://plos.org,정상,정상,정상,정상,2s,3s,124s,129s
2025-11-08 18:39:09+0900,https://nasa.gov,정상,정상,정상,정상,2s,3s,125s,130s
2025-11-08 18:39:29+0900,https://bbc.com,정상,정상,정상,정상,2s,3s,126s,131s
2025-11-08 18:39:40+0900,https://asahi.com,정상,정상,정상,정상,2s,2s,124s,128s
2025-11-08 18:40:57+0900,https://kia.com,정상,정상,정상,정상,2s,3s,70s,75s
2025-11-08 18:40:55+0900,https://hyundai.com,정상,정상,정상,정상,2s,3s,75s,80s
2025-11-08 18:42:07+0900,https://tripadvisor.com-45.com,정상,정상,정상,정상,4s,3s,3s,10s
2025-11-08 18:42:07+0900,https://uber.com-48.com,정상,정상,정상,정상,4s,3s,3s,10s
2025-11-08 18:42:33+0900,https://cdc.gov-77.com,비정상,SKIPPED,SKIPPED,비정상,5s,-,-,5s
2025-11-08 18:42:38+0900,https://rottentomatoes.com-84.com,비정상,SKIPPED,SKIPPED,비정상,4s,-,-,4s
2025-11-08 18:43:02+0900,https://bloomberg.com-115.com,비정상,SKIPPED,SKIPPED,비정상,4s,-,-,4s
2025-11-08 18:43:04+0900,https://washingtonpost.com-117.com,비정상,SKIPPED,SKIPPED,비정상,4s,-,-,4s
2025-11-08 18:43:07+0900,https://investopedia.com-124.com,비정상,SKIPPED,SKIPPED,비정상,4s,-,-,4s
2025-11-08 18:43:06+0900,https://marketwatch.com-123.com,비정상,SKIPPED,SKIPPED,비정상,8s,-,-,8s
2025-11-08 18:39:31+0900,https://aljazeera.com,정상,정상,정상,정상,2s,4s,219s,225s
2025-11-08 18:43:13+0900,https://coinbase.com-133.com,비정상,SKIPPED,SKIPPED,비정상,4s,-,-,4s
2025-11-08 18:42:05+0900,https://ikea.com-44.com,정상,정상,정상,정상,3s,5s,73s,81s
2025-11-08 18:39:11+0900,https://space.com,정상,정상,정상,정상,2s,4s,251s,257s
2025-11-08 18:43:25+0900,https://dev.to-148.com,비정상,SKIPPED,SKIPPED,비정상,4s,-,-,4s
2025-11-08 18:43:25+0900,https://hackernoon.com-149.com,비정상,SKIPPED,SKIPPED,비정상,5s,-,-,5s
2025-11-08 18:43:25+0900,https://codecademy.com-154.com,비정상,SKIPPED,SKIPPED,비정상,6s,-,-,6s
2025-11-08 18:43:31+0900,https://arxiv.org-164.com,비정상,SKIPPED,SKIPPED,비정상,5s,-,-,5s
2025-11-08 18:43:31+0900,https://nature.com-165.com,비정상,SKIPPED,SKIPPED,비정상,6s,-,-,6s
2025-11-08 18:42:50+0900,https://lowes.com-102.com,정상,정상,정상,정상,4s,7s,66s,77s
2025-11-08 18:44:52+0900,https://espn.com-86.com,비정상,SKIPPED,SKIPPED,비정상,4s,-,-,4s
2025-11-08 18:45:21+0900,https://washingtonpost.com-117.com,비정상,SKIPPED,SKIPPED,비정상,5s,-,-,5s
2025-11-08 18:45:22+0900,https://gnxnet.weebly.com/,비정상,SKIPPED,SKIPPED,비정상,4s,-,-,4s
2025-11-08 18:45:22+0900,https://ingbanknl.weebly.com/,비정상,SKIPPED,SKIPPED,비정상,5s,-,-,5s
2025-11-08 18:45:23+0900,https://btinternetli.weebly.com/,비정상,SKIPPED,SKIPPED,비정상,4s,-,-,4s
2025-11-08 18:45:26+0900,https://beromerdbuin.weebly.com/,비정상,SKIPPED,SKIPPED,비정상,3s,-,-,3s
2025-11-08 18:45:26+0900,https://baucarshopee1442.weebly.com/,비정상,SKIPPED,SKIPPED,비정상,4s,-,-,4s
2025-11-08 18:45:27+0900,https://asoptrvcxdiudea.weebly.com/,비정상,SKIPPED,SKIPPED,비정상,4s,-,-,4s
2025-11-08 18:45:27+0900,https://mrelay-fr-suivi.com/,비정상,SKIPPED,SKIPPED,비정상,4s,-,-,4s
2025-11-08 18:45:30+0900,https://marilynenglesbe.wixstudio.com/my-site,비정상,SKIPPED,SKIPPED,비정상,4s,-,-,4s
2025-11-08 18:45:29+0900,https://lcudirectlogin.im/t/s/a/index,비정상,SKIPPED,SKIPPED,비정상,5s,-,-,5s
2025-11-08 18:45:30+0900,http://novobanc0pt.com/,비정상,SKIPPED,SKIPPED,비정상,5s,-,-,5s
2025-11-08 18:45:31+0900,https://ljhinfluential.sellfy.store/,비정상,SKIPPED,SKIPPED,비정상,4s,-,-,4s
2025-11-08 18:45:34+0900,http://allegrolokalnie.pl-oferta5833117.icu,비정상,SKIPPED,SKIPPED,비정상,4s,-,-,4s
2025-11-08 18:40:27+0900,https://samsung.com,정상,정상,정상,정상,2s,2s,307s,311s
2025-11-08 18:45:35+0900,https://bradesco.acessoanalise.digital,비정상,SKIPPED,SKIPPED,비정상,4s,-,-,4s
2025-11-08 18:45:35+0900,https://promobncobhd2025rd.imi.lat/,비정상,SKIPPED,SKIPPED,비정상,4s,-,-,4s
2025-11-08 18:45:37+0900,https://coreyshortnacy80.wixsite.com/att-m,비정상,SKIPPED,SKIPPED,비정상,4s,-,-,4s
2025-11-08 18:45:37+0900,https://www.dossier-ref36181531.com/,비정상,SKIPPED,SKIPPED,비정상,5s,-,-,5s
2025-11-08 18:45:37+0900,https://dossier-ref36181531.com/,비정상,SKIPPED,SKIPPED,비정상,5s,-,-,5s
2025-11-08 18:45:38+0900,https://allegrolokalnie.pl-oferta5833117.icu/,비정상,SKIPPED,SKIPPED,비정상,4s,-,-,4s
2025-11-08 18:45:38+0900,https://dossier-ref36181531.com/captcha.php,비정상,SKIPPED,SKIPPED,비정상,4s,-,-,4s
2025-11-08 18:45:39+0900,https://selfcarespidaruba.space,비정상,SKIPPED,SKIPPED,비정상,4s,-,-,4s
2025-11-08 18:45:41+0900,https://novobancoempresas-pt.pro/,비정상,SKIPPED,SKIPPED,비정상,5s,-,-,5s
2025-11-08 18:45:42+0900,https://elite-dealers.com/mpdf/tmp/mk.htm,비정상,SKIPPED,SKIPPED,비정상,4s,-,-,4s
2025-11-08 18:44:20+0900,https://ikea.com-44.com,정상,정상,정상,정상,6s,7s,74s,87s
2025-11-08 18:45:42+0900,https://cheques-energiques.fr/,비정상,SKIPPED,SKIPPED,비정상,5s,-,-,5s
2025-11-08 18:45:42+0900,https://flair-live.online/connect.html,비정상,SKIPPED,SKIPPED,비정상,5s,-,-,5s
2025-11-08 18:45:47+0900,https://web-contrat-ulys.com/,비정상,SKIPPED,SKIPPED,비정상,5s,-,-,5s
2025-11-08 18:45:46+0900,https://4qxlpg3r.duckdns.org/,비정상,SKIPPED,SKIPPED,비정상,8s,-,-,8s
2025-11-08 18:45:51+0900,https://web-contrat-ulys.com/as.php,비정상,SKIPPED,SKIPPED,비정상,3s,-,-,3s
2025-11-08 18:45:46+0900,https://6lo4wj.duckdns.org/,비정상,SKIPPED,SKIPPED,비정상,9s,-,-,9s
2025-11-08 18:45:47+0900,https://eui85d.duckdns.org/,비정상,SKIPPED,SKIPPED,비정상,8s,-,-,8s
2025-11-08 18:45:48+0900,https://zptpuq.duckdns.org/,비정상,SKIPPED,SKIPPED,비정상,8s,-,-,8s
2025-11-08 18:45:54+0900,https://v-vpass-jp.rucclub.com/,비정상,SKIPPED,SKIPPED,비정상,3s,-,-,3s
2025-11-08 18:45:54+0900,https://v-vpass-jp.gfnyzb.com/,비정상,SKIPPED,SKIPPED,비정상,4s,-,-,4s
2025-11-08 18:45:55+0900,https://v-vpass-jp.huangdujin.com/,비정상,SKIPPED,SKIPPED,비정상,4s,-,-,4s
2025-11-08 18:45:52+0900,https://fjk9us.duckdns.org/,비정상,SKIPPED,SKIPPED,비정상,7s,-,-,7s
2025-11-08 18:45:52+0900,https://ldvfmg3.duckdns.org/,비정상,SKIPPED,SKIPPED,비정상,7s,-,-,7s
2025-11-08 18:45:56+0900,https://v-vpass-jp.aqjxxmjx.com/,비정상,SKIPPED,SKIPPED,비정상,4s,-,-,4s
2025-11-08 18:45:57+0900,http://mpc-12days-rewards.pages.dev,비정상,SKIPPED,SKIPPED,비정상,4s,-,-,4s
2025-11-08 18:45:58+0900,https://msbcniko.o7gann.top,비정상,SKIPPED,SKIPPED,비정상,5s,-,-,5s
2025-11-08 18:45:59+0900,https://route-vinci.com/,비정상,SKIPPED,SKIPPED,비정상,5s,-,-,5s
2025-11-08 18:45:59+0900,https://msbcniko.eza0zg.top,비정상,SKIPPED,SKIPPED,비정상,5s,-,-,5s
2025-11-08 18:46:00+0900,https://site-aseysuaft.godaddysites.com/,비정상,SKIPPED,SKIPPED,비정상,5s,-,-,5s
2025-11-08 18:46:03+0900,https://vinci-consignes.com/as.php,비정상,SKIPPED,SKIPPED,비정상,4s,-,-,4s
2025-11-08 18:46:07+0900,https://yahoomaillingpage2.weeblysite.com/,비정상,SKIPPED,SKIPPED,비정상,4s,-,-,4s
2025-11-08 18:46:08+0900,https://wetransfer-106470.weeblysite.com/,비정상,SKIPPED,SKIPPED,비정상,4s,-,-,4s
2025-11-08 18:46:08+0900,https://webde-108445.weeblysite.com/,비정상,SKIPPED,SKIPPED,비정상,5s,-,-,5s
2025-11-08 18:46:10+0900,https://webde-105183.weeblysite.com/,비정상,SKIPPED,SKIPPED,비정상,4s,-,-,4s
2025-11-08 18:46:11+0900,https://webde-104048.weeblysite.com/,비정상,SKIPPED,SKIPPED,비정상,5s,-,-,5s
2025-11-08 18:46:11+0900,https://webde-103557.weeblysite.com/,비정상,SKIPPED,SKIPPED,비정상,5s,-,-,5s
2025-11-08 18:46:13+0900,https://webde-101404.weeblysite.com/,비정상,SKIPPED,SKIPPED,비정상,4s,-,-,4s
2025-11-08 18:46:14+0900,https://webde-100183.weeblysite.com/,비정상,SKIPPED,SKIPPED,비정상,4s,-,-,4s
2025-11-08 18:46:16+0900,https://mailserver04.weeblysite.com/,비정상,SKIPPED,SKIPPED,비정상,4s,-,-,4s
2025-11-08 18:44:57+0900,https://mlb.com-88.com,정상,정상,정상,정상,4s,5s,74s,83s
2025-11-08 18:46:17+0900,https://emailyahoologin2.weeblysite.com/,비정상,SKIPPED,SKIPPED,비정상,4s,-,-,4s
2025-11-08 18:46:18+0900,https://attweb5.weeblysite.com/,비정상,SKIPPED,SKIPPED,비정상,4s,-,-,4s
2025-11-08 18:46:20+0900,https://boulanger-elvwis.com,비정상,SKIPPED,SKIPPED,비정상,4s,-,-,4s
2025-11-08 18:46:20+0900,https://mon-ameli-cpam.com/,비정상,SKIPPED,SKIPPED,비정상,4s,-,-,4s
2025-11-08 18:46:20+0900,https://linqapp.com/btinternet2,비정상,SKIPPED,SKIPPED,비정상,5s,-,-,5s
2025-11-08 18:45:08+0900,https://lowes.com-102.com,정상,정상,정상,정상,5s,6s,66s,77s
2025-11-08 18:46:22+0900,https://chequeenergiegouvfr.com/calcul,비정상,SKIPPED,SKIPPED,비정상,4s,-,-,4s
2025-11-08 18:46:22+0900,http://novo-banco-pt.com/,비정상,SKIPPED,SKIPPED,비정상,4s,-,-,4s
2025-11-08 18:46:26+0900,https://warm-flow-921656.framer.app/,비정상,SKIPPED,SKIPPED,비정상,3s,-,-,3s
2025-11-08 18:46:25+0900,https://fr-autoroute-vinci.com/,비정상,SKIPPED,SKIPPED,비정상,4s,-,-,4s
2025-11-08 18:46:25+0900,https://reglement-vinci.com/,비정상,SKIPPED,SKIPPED,비정상,5s,-,-,5s
2025-11-08 18:46:26+0900,https://sp943633.sitebeat.crazydomains.com/,비정상,SKIPPED,SKIPPED,비정상,5s,-,-,5s
2025-11-08 18:46:28+0900,https://btmmm.weeblysite.com/,비정상,SKIPPED,SKIPPED,비정상,5s,-,-,5s
2025-11-08 18:46:30+0900,https://my-site-100781-102018.weeblysite.com/,비정상,SKIPPED,SKIPPED,비정상,5s,-,-,5s
2025-11-08 18:46:31+0900,https://bitli.pro/2CB1i_7ea7b106,비정상,SKIPPED,SKIPPED,비정상,4s,-,-,4s
2025-11-08 18:46:33+0900,https://ssdsfstws.framer.photos/,비정상,SKIPPED,SKIPPED,비정상,5s,-,-,5s
2025-11-08 18:46:34+0900,https://asdfghjyuc.framer.photos/,비정상,SKIPPED,SKIPPED,비정상,4s,-,-,4s
2025-11-08 18:46:34+0900,http://bridge-terzeor.github.io,비정상,SKIPPED,SKIPPED,비정상,4s,-,-,4s
2025-11-08 18:46:34+0900,https://bridge-terzeor.github.io/,비정상,SKIPPED,SKIPPED,비정상,5s,-,-,5s
2025-11-08 18:46:35+0900,https://yxfrhgnhwqdv.myfunnelish.com/,비정상,SKIPPED,SKIPPED,비정상,4s,-,-,4s
2025-11-08 18:46:35+0900,https://bt-104700.weeblysite.com/,비정상,SKIPPED,SKIPPED,비정상,5s,-,-,5s
2025-11-08 18:46:38+0900,https://efhjjskeak.weeblysite.com/,비정상,SKIPPED,SKIPPED,비정상,4s,-,-,4s
2025-11-08 18:46:38+0900,https://linksta.cc/@btint,비정상,SKIPPED,SKIPPED,비정상,5s,-,-,5s
2025-11-08 18:46:40+0900,https://bridge-io-trezo.github.io/en/,비정상,SKIPPED,SKIPPED,비정상,5s,-,-,5s
2025-11-08 18:46:42+0900,https://web-facture-ulys.com/,비정상,SKIPPED,SKIPPED,비정상,5s,-,-,5s
2025-11-08 18:46:43+0900,https://redeploiement-paquet.com/,비정상,SKIPPED,SKIPPED,비정상,4s,-,-,4s
2025-11-08 18:46:45+0900,https://redeploiement-paquet.com/index.php,비정상,SKIPPED,SKIPPED,비정상,4s,-,-,4s
2025-11-08 18:46:46+0900,http://trezorsuiteshelp.com,비정상,SKIPPED,SKIPPED,비정상,4s,-,-,4s
2025-11-08 18:46:47+0900,http://www-davivienda-sv-com.netlify.app,비정상,SKIPPED,SKIPPED,비정상,4s,-,-,4s
2025-11-08 18:46:47+0900,https://allegrolokalnie.pl-oferta7198639.top/,비정상,SKIPPED,SKIPPED,비정상,6s,-,-,6s
2025-11-08 18:46:51+0900,https://trendora-dz.myshopify.com/s,비정상,SKIPPED,SKIPPED,비정상,4s,-,-,4s
2025-11-08 18:46:47+0900,http://tpn.qhs.mybluehost.me,비정상,SKIPPED,SKIPPED,비정상,8s,-,-,8s
2025-11-08 18:46:47+0900,https://tpn.qhs.mybluehost.me/,비정상,SKIPPED,SKIPPED,비정상,9s,-,-,9s
2025-11-08 18:46:53+0900,https://spot-ify.vercel.app/login,비정상,SKIPPED,SKIPPED,비정상,3s,-,-,3s
2025-11-08 18:46:55+0900,http://faqs-treezr-logn.weebly.com,비정상,SKIPPED,SKIPPED,비정상,4s,-,-,4s
2025-11-08 18:46:55+0900,http://en-logintrzr-wallet.weebly.com,비정상,SKIPPED,SKIPPED,비정상,4s,-,-,4s
2025-11-08 18:46:56+0900,http://io-us-trezrwallet-log.weebly.com,비정상,SKIPPED,SKIPPED,비정상,4s,-,-,4s
2025-11-08 18:46:56+0900,http://logen-treezo.weebly.com,비정상,SKIPPED,SKIPPED,비정상,4s,-,-,4s
2025-11-08 18:46:58+0900,https://pay.vivasortemais.shop/kaAUqcHT,비정상,SKIPPED,SKIPPED,비정상,5s,-,-,5s
2025-11-08 18:47:00+0900,http://richardsamuelmd.com/sso/login/,비정상,SKIPPED,SKIPPED,비정상,4s,-,-,4s
2025-11-08 18:47:00+0900,https://pay.vivasorte.top/nyYEZNjk,비정상,SKIPPED,SKIPPED,비정상,5s,-,-,5s
2025-11-08 18:47:01+0900,https://pay.vivasorte.top/LDAEDDAK,비정상,SKIPPED,SKIPPED,비정상,5s,-,-,5s
2025-11-08 18:47:03+0900,https://incentivoecuador.webcindario.com,비정상,SKIPPED,SKIPPED,비정상,4s,-,-,4s
2025-11-08 18:47:06+0900,https://msbcniko.abc0av.top,비정상,SKIPPED,SKIPPED,비정상,4s,-,-,4s
2025-11-08 18:47:07+0900,https://msbcniko.yab40g.top,비정상,SKIPPED,SKIPPED,비정상,4s,-,-,4s
2025-11-08 18:47:09+0900,https://wallet-lergr.pages.dev/,비정상,SKIPPED,SKIPPED,비정상,2s,-,-,2s
2025-11-08 18:47:04+0900,https://f3sbru.duckdns.org/,비정상,SKIPPED,SKIPPED,비정상,8s,-,-,8s
2025-11-08 18:47:05+0900,https://wvi0io.duckdns.org/,비정상,SKIPPED,SKIPPED,비정상,9s,-,-,9s
2025-11-08 18:47:11+0900,https://trezor-bridgei.pages.dev/,비정상,SKIPPED,SKIPPED,비정상,4s,-,-,4s
2025-11-08 18:47:11+0900,https://secure-en-io-start.pages.dev/,비정상,SKIPPED,SKIPPED,비정상,5s,-,-,5s
2025-11-08 18:47:11+0900,https://start-suit-en.pages.dev/,비정상,SKIPPED,SKIPPED,비정상,5s,-,-,5s
2025-11-08 18:47:13+0900,https://eng-ndxx-secure.pages.dev/,비정상,SKIPPED,SKIPPED,비정상,4s,-,-,4s
2025-11-08 18:47:14+0900,https://auth-ndax-logn.pages.dev/,비정상,SKIPPED,SKIPPED,비정상,4s,-,-,4s
2025-11-08 18:47:14+0900,https://helps-cex-login.pages.dev/,비정상,SKIPPED,SKIPPED,비정상,5s,-,-,5s
2025-11-08 18:47:16+0900,https://wallet-ledger-cdn.pages.dev/,비정상,SKIPPED,SKIPPED,비정상,4s,-,-,4s
2025-11-08 18:47:16+0900,https://safe-start-ledgr-sso.pages.dev/,비정상,SKIPPED,SKIPPED,비정상,5s,-,-,5s
2025-11-08 18:47:16+0900,https://wallet-live-ledger-com.pages.dev/,비정상,SKIPPED,SKIPPED,비정상,5s,-,-,5s
2025-11-08 18:47:18+0900,https://hardware-live-wallet.pages.dev/,비정상,SKIPPED,SKIPPED,비정상,5s,-,-,5s
2025-11-08 18:47:20+0900,https://krakenn-loging.pages.dev/,비정상,SKIPPED,SKIPPED,비정상,4s,-,-,4s
2025-11-08 18:47:20+0900,https://yournexttwcindex.weebly.com/,비정상,SKIPPED,SKIPPED,비정상,5s,-,-,5s
2025-11-08 18:47:21+0900,https://my-site-104155-108977.weeblysite.com/,비정상,SKIPPED,SKIPPED,비정상,4s,-,-,4s
2025-11-08 18:47:21+0900,https://awgrbg.wixsite.com/qwerrrrwqasdxfghj,비정상,SKIPPED,SKIPPED,비정상,5s,-,-,5s
2025-11-08 18:47:22+0900,http://www.f1169862.xsph.ru/,비정상,SKIPPED,SKIPPED,비정상,5s,-,-,5s
2025-11-08 18:47:24+0900,https://unzdc.com/NHKlogin/,비정상,SKIPPED,SKIPPED,비정상,4s,-,-,4s
2025-11-08 18:47:23+0900,https://wiudyedydwsu.weebly.com/,비정상,SKIPPED,SKIPPED,비정상,5s,-,-,5s
2025-11-08 18:47:24+0900,https://billinge-bill.codeberg.page/bill/,비정상,SKIPPED,SKIPPED,비정상,5s,-,-,5s
2025-11-08 18:47:20+0900,https://hvz.jle.mybluehost.me/-/io/,비정상,SKIPPED,SKIPPED,비정상,9s,-,-,9s
2025-11-08 18:47:25+0900,https://t.co/wQbnfIcCTh,비정상,SKIPPED,SKIPPED,비정상,4s,-,-,4s
2025-11-08 18:47:26+0900,https://t.co/uqjQYA0UoB,비정상,SKIPPED,SKIPPED,비정상,4s,-,-,4s
2025-11-08 18:47:27+0900,https://t.co/IiPOpQSd6z,비정상,SKIPPED,SKIPPED,비정상,4s,-,-,4s
2025-11-08 18:47:28+0900,https://z8.kiozvpi0.sa.com/5/,비정상,SKIPPED,SKIPPED,비정상,5s,-,-,5s
2025-11-08 18:47:29+0900,https://l.ead.me/bgQjYG,비정상,SKIPPED,SKIPPED,비정상,5s,-,-,5s
2025-11-08 18:47:33+0900,https://mioficinaes.sviluppo.host/esp/assets/,비정상,SKIPPED,SKIPPED,비정상,5s,-,-,5s
2025-11-08 18:47:34+0900,https://tinyurl.com/5x4awepu,비정상,SKIPPED,SKIPPED,비정상,5s,-,-,5s
2025-11-08 18:47:34+0900,https://q-r.to/bgQjYG,비정상,SKIPPED,SKIPPED,비정상,5s,-,-,5s
2025-11-08 18:47:38+0900,https://refund-meta.surge.sh/metarefund,비정상,SKIPPED,SKIPPED,비정상,5s,-,-,5s
2025-11-08 18:47:38+0900,https://refund-meta.surge.sh/account,비정상,SKIPPED,SKIPPED,비정상,6s,-,-,6s
2025-11-08 18:47:41+0900,https://spotify-02.vercel.app/,비정상,SKIPPED,SKIPPED,비정상,4s,-,-,4s
2025-11-08 18:47:41+0900,http://pt-novobanco.pro/,비정상,SKIPPED,SKIPPED,비정상,5s,-,-,5s
2025-11-08 18:47:43+0900,https://sso-uphold-us-auth.typedream.app/,비정상,SKIPPED,SKIPPED,비정상,4s,-,-,4s
2025-11-08 18:47:43+0900,https://6c5647cb.tyffkj8gjgf-6uf.pages.dev/,비정상,SKIPPED,SKIPPED,비정상,5s,-,-,5s
2025-11-08 18:47:39+0900,https://zph.ucp.mybluehost.me/dk/mobpay/,비정상,SKIPPED,SKIPPED,비정상,9s,-,-,9s
2025-11-08 18:47:44+0900,https://info-client-ca-notif.surge.sh/,비정상,SKIPPED,SKIPPED,비정상,4s,-,-,4s
2025-11-08 18:47:45+0900,http://app.aproveiteseuresgate.info,비정상,SKIPPED,SKIPPED,비정상,4s,-,-,4s
2025-11-08 18:47:47+0900,https://app.apoiocomresgate.za.com/inicio,비정상,SKIPPED,SKIPPED,비정상,4s,-,-,4s
2025-11-08 18:47:48+0900,https://t.me/DriftTradeProtocol,비정상,SKIPPED,SKIPPED,비정상,5s,-,-,5s
2025-11-08 18:47:48+0900,https://rnicrosoftid.vercel.app/.html,비정상,SKIPPED,SKIPPED,비정상,5s,-,-,5s
2025-11-08 18:47:55+0900,https://treioszariostart.gitbook.io/us/,비정상,SKIPPED,SKIPPED,비정상,5s,-,-,5s
2025-11-08 18:47:58+0900,https://home--auth-ledgerstart.webflow.io/,비정상,SKIPPED,SKIPPED,비정상,5s,-,-,5s
2025-11-08 18:48:00+0900,https://zim-vx.weebly.com/,비정상,SKIPPED,SKIPPED,비정상,5s,-,-,5s
2025-11-08 18:48:02+0900,https://wrghtpatmainacesgain.weebly.com/,비정상,SKIPPED,SKIPPED,비정상,4s,-,-,4s
2025-11-08 18:48:03+0900,https://webmailcpanelu448.weebly.com/,비정상,SKIPPED,SKIPPED,비정상,5s,-,-,5s
2025-11-08 18:48:05+0900,https://telsraaaaas.weebly.com/,비정상,SKIPPED,SKIPPED,비정상,4s,-,-,4s
2025-11-08 18:48:06+0900,https://sofoffic365.weebly.com/,비정상,SKIPPED,SKIPPED,비정상,5s,-,-,5s
2025-11-08 18:48:08+0900,https://site-1dqdmq3fk.godaddysites.com/,비정상,SKIPPED,SKIPPED,비정상,4s,-,-,4s
2025-11-08 18:48:09+0900,https://nfoeanalyticsl.weebly.com/,비정상,SKIPPED,SKIPPED,비정상,3s,-,-,3s
2025-11-08 18:48:09+0900,https://mutredazsionm.weebly.com/,비정상,SKIPPED,SKIPPED,비정상,4s,-,-,4s
2025-11-08 18:48:11+0900,https://monthlyspaceknob.weebly.com/,비정상,SKIPPED,SKIPPED,비정상,3s,-,-,3s
2025-11-08 18:48:13+0900,https://home67898995433.weebly.com/,비정상,SKIPPED,SKIPPED,비정상,3s,-,-,3s
2025-11-08 18:48:13+0900,https://hiworkskr90.weebly.com/,비정상,SKIPPED,SKIPPED,비정상,4s,-,-,4s
2025-11-08 18:48:14+0900,https://grenoblealpflll.weebly.com/,비정상,SKIPPED,SKIPPED,비정상,4s,-,-,4s
2025-11-08 18:48:16+0900,https://frontier2bsecure.weebly.com/,비정상,SKIPPED,SKIPPED,비정상,3s,-,-,3s
2025-11-08 18:48:16+0900,https://franncewellcom.weebly.com/,비정상,SKIPPED,SKIPPED,비정상,4s,-,-,4s
2025-11-08 18:48:18+0900,http://app.resgatesuasconquistas.digital,비정상,SKIPPED,SKIPPED,비정상,3s,-,-,3s
2025-11-08 18:48:19+0900,http://app.resgatesuasconquistas.life,비정상,SKIPPED,SKIPPED,비정상,4s,-,-,4s
2025-11-08 18:48:20+0900,http://app.resgatesuasconquistas.click,비정상,SKIPPED,SKIPPED,비정상,3s,-,-,3s
2025-11-08 18:48:21+0900,https://cpanel8webmailauth.weebly.com/,비정상,SKIPPED,SKIPPED,비정상,3s,-,-,3s
2025-11-08 18:48:23+0900,https://authuni.weebly.com/,비정상,SKIPPED,SKIPPED,비정상,3s,-,-,3s
2025-11-08 18:48:22+0900,https://produecvlsltiecnk.iceiy.com/?i=1,비정상,SKIPPED,SKIPPED,비정상,4s,-,-,4s
2025-11-08 18:48:23+0900,https://izamkbrk.jp/merc.index.html,비정상,SKIPPED,SKIPPED,비정상,3s,-,-,3s
2025-11-08 18:48:23+0900,https://atttverriifcccatiooonnnn.webflow.io/,비정상,SKIPPED,SKIPPED,비정상,4s,-,-,4s
2025-11-08 18:48:25+0900,https://anaromoagroeti.weebly.com/,비정상,SKIPPED,SKIPPED,비정상,3s,-,-,3s
2025-11-08 18:48:26+0900,https://alibabacarelogin.weebly.com/,비정상,SKIPPED,SKIPPED,비정상,3s,-,-,3s
2025-11-08 18:48:26+0900,https://business-etablissements.com/,비정상,SKIPPED,SKIPPED,비정상,4s,-,-,4s
2025-11-08 18:48:28+0900,http://guide-help-suite.neocities.org,비정상,SKIPPED,SKIPPED,비정상,3s,-,-,3s
2025-11-08 18:48:29+0900,http://faq-start-trezo-io.neocities.org,비정상,SKIPPED,SKIPPED,비정상,3s,-,-,3s
2025-11-08 18:48:29+0900,https://faq-start-trezo-io.neocities.org/,비정상,SKIPPED,SKIPPED,비정상,3s,-,-,3s
2025-11-08 18:48:30+0900,https://public-trezo.neocities.org/,비정상,SKIPPED,SKIPPED,비정상,3s,-,-,3s
2025-11-08 18:48:30+0900,http://public-trezo.neocities.org,비정상,SKIPPED,SKIPPED,비정상,3s,-,-,3s
2025-11-08 18:48:31+0900,https://start-io-helps.neocities.org/,비정상,SKIPPED,SKIPPED,비정상,4s,-,-,4s
2025-11-08 18:48:32+0900,http://start-io-helps.neocities.org,비정상,SKIPPED,SKIPPED,비정상,3s,-,-,3s
2025-11-08 18:48:33+0900,http://us-trezur-faq.neocities.org,비정상,SKIPPED,SKIPPED,비정상,3s,-,-,3s
2025-11-08 18:48:33+0900,https://welcome-start-en.neocities.org/,비정상,SKIPPED,SKIPPED,비정상,4s,-,-,4s
2025-11-08 18:48:35+0900,http://welcome-start-en.neocities.org,비정상,SKIPPED,SKIPPED,비정상,3s,-,-,3s
2025-11-08 18:48:35+0900,http://welcome-trezor.neocities.org,비정상,SKIPPED,SKIPPED,비정상,4s,-,-,4s
2025-11-08 18:48:36+0900,https://qbookvb.com/l0s9u3/,비정상,SKIPPED,SKIPPED,비정상,3s,-,-,3s
2025-11-08 18:48:37+0900,https://welcome-trezo-start.neocities.org/,비정상,SKIPPED,SKIPPED,비정상,3s,-,-,3s
2025-11-08 18:48:38+0900,http://welcome-trezo-start.neocities.org,비정상,SKIPPED,SKIPPED,비정상,3s,-,-,3s
2025-11-08 18:48:39+0900,https://pay.paycursos.online/v7R0glorJLVGVr9,비정상,SKIPPED,SKIPPED,비정상,3s,-,-,3s
2025-11-08 18:48:39+0900,https://relay-fr-domicile.com/,비정상,SKIPPED,SKIPPED,비정상,3s,-,-,3s
2025-11-08 18:48:40+0900,https://mendisunny.sellfy.store/,비정상,SKIPPED,SKIPPED,비정상,3s,-,-,3s
2025-11-08 18:48:41+0900,https://pay.paycursos.online/kYL6geWdA2pZrKM,비정상,SKIPPED,SKIPPED,비정상,3s,-,-,3s
2025-11-08 18:48:42+0900,https://pay.paycursos.online/YL9jZDWD7oO3p4q,비정상,SKIPPED,SKIPPED,비정상,3s,-,-,3s
2025-11-08 18:48:43+0900,http://www.bestchange.icu,비정상,SKIPPED,SKIPPED,비정상,3s,-,-,3s
2025-11-08 18:48:43+0900,https://bt-internetcharming.sellfy.store/,비정상,SKIPPED,SKIPPED,비정상,4s,-,-,4s
2025-11-08 18:48:45+0900,https://bt-broadband-interne-8939.glide.page/,비정상,SKIPPED,SKIPPED,비정상,3s,-,-,3s
2025-11-08 18:48:46+0900,https://sdadadsa.com/ires/ires/?sdhwuiadwfwf,비정상,SKIPPED,SKIPPED,비정상,3s,-,-,3s
2025-11-08 18:48:47+0900,https://hper.in/m8pKX18,비정상,SKIPPED,SKIPPED,비정상,3s,-,-,3s
2025-11-08 18:48:48+0900,http://pt-novobanco.info/,비정상,SKIPPED,SKIPPED,비정상,4s,-,-,4s
2025-11-08 18:48:49+0900,http://sbisec.org,비정상,SKIPPED,SKIPPED,비정상,3s,-,-,3s
2025-11-08 18:48:50+0900,https://myoffice147.github.io/off123/aio.html,비정상,SKIPPED,SKIPPED,비정상,3s,-,-,3s
2025-11-08 18:47:39+0900,https://qr-codes.io/tN1dpq,정상,정상,정상,정상,5s,5s,66s,76s
2025-11-08 18:48:52+0900,https://lhub.to/sodik,비정상,SKIPPED,SKIPPED,비정상,4s,-,-,4s
2025-11-08 18:48:53+0900,https://vinci-reglement-fr.com/,비정상,SKIPPED,SKIPPED,비정상,3s,-,-,3s
2025-11-08 18:48:55+0900,https://dancing-souffle-bd19d9.netlify.app/,비정상,SKIPPED,SKIPPED,비정상,4s,-,-,4s
2025-11-08 18:48:56+0900,http://dancing-souffle-bd19d9.netlify.app,비정상,SKIPPED,SKIPPED,비정상,4s,-,-,4s
2025-11-08 18:48:56+0900,http://novobanco-pt.info/,비정상,SKIPPED,SKIPPED,비정상,4s,-,-,4s
2025-11-08 18:48:57+0900,http://novobanco-pt.top/,비정상,SKIPPED,SKIPPED,비정상,4s,-,-,4s
2025-11-08 18:48:59+0900,https://1uhh6y.cfd/un3ciibs/6e0av5/7,비정상,SKIPPED,SKIPPED,비정상,4s,-,-,4s
2025-11-08 18:49:00+0900,https://yys62k.lat/un3ciibs/6e0av5/7,비정상,SKIPPED,SKIPPED,비정상,4s,-,-,4s
2025-11-08 18:49:00+0900,https://ywhb673.lat/un3ciibs/6e0av5/7,비정상,SKIPPED,SKIPPED,비정상,4s,-,-,4s
2025-11-08 18:49:00+0900,https://ysgys57.lat/un3ciibs/6e0av5/7,비정상,SKIPPED,SKIPPED,비정상,4s,-,-,4s
2025-11-08 18:49:03+0900,https://ybsg62.icu/un3ciibs/6e0av5/7,비정상,SKIPPED,SKIPPED,비정상,3s,-,-,3s
2025-11-08 18:49:03+0900,https://wnde5.lat/un3ciibs/6e0av5/7,비정상,SKIPPED,SKIPPED,비정상,4s,-,-,4s
2025-11-08 18:49:04+0900,https://uw736g.icu/un3ciibs/6e0av5/7,비정상,SKIPPED,SKIPPED,비정상,4s,-,-,4s
2025-11-08 18:49:04+0900,https://tw6ftw2.icu/un3ciibs/6e0av5/7,비정상,SKIPPED,SKIPPED,비정상,4s,-,-,4s
2025-11-08 18:49:06+0900,https://sang34nfas.lat/un3ciibs/6e0av5/7,비정상,SKIPPED,SKIPPED,비정상,5s,-,-,5s
2025-11-08 18:49:08+0900,https://nf8cgd61vd.lat/un3ciibs/6e0av5/7,비정상,SKIPPED,SKIPPED,비정상,5s,-,-,5s
2025-11-08 18:49:08+0900,https://mt7xjs51xr.lat/un3ciibs/6e0av5/7,비정상,SKIPPED,SKIPPED,비정상,5s,-,-,5s
2025-11-08 18:49:09+0900,https://vinci-peage-fr.com/as.php,비정상,SKIPPED,SKIPPED,비정상,5s,-,-,5s
2025-11-08 18:49:11+0900,https://fcf2df.cfd/un3ciibs/6e0av5/7,비정상,SKIPPED,SKIPPED,비정상,4s,-,-,4s
2025-11-08 18:49:12+0900,https://ineffable-portion-439440.framer.app/,비정상,SKIPPED,SKIPPED,비정상,4s,-,-,4s
2025-11-08 18:49:12+0900,https://ekor0oe.icu/un3ciibs/6e0av5/7,비정상,SKIPPED,SKIPPED,비정상,5s,-,-,5s
2025-11-08 18:49:13+0900,https://firstnestsavings.com/home/faqs,비정상,SKIPPED,SKIPPED,비정상,4s,-,-,4s
2025-11-08 18:49:14+0900,https://pcert-2392745.online/cls/zbmt.php,비정상,SKIPPED,SKIPPED,비정상,5s,-,-,5s
2025-11-08 18:49:15+0900,https://dn45ihgffd.lat/un3ciibs/6e0av5/7,비정상,SKIPPED,SKIPPED,비정상,5s,-,-,5s
2025-11-08 18:49:17+0900,https://9365373.xyz/un3ciibs/6e0av5/7,비정상,SKIPPED,SKIPPED,비정상,4s,-,-,4s
2025-11-08 18:49:17+0900,https://92mnhe.lat/un3ciibs/6e0av5/7,비정상,SKIPPED,SKIPPED,비정상,4s,-,-,4s
2025-11-08 18:49:19+0900,https://83heye.icu/un3ciibs/6e0av5/7,비정상,SKIPPED,SKIPPED,비정상,4s,-,-,4s
2025-11-08 18:49:20+0900,https://7654735.xyz/un3ciibs/6e0av5/7,비정상,SKIPPED,SKIPPED,비정상,5s,-,-,5s
2025-11-08 18:49:20+0900,https://8356646.xyz/un3ciibs/6e0av5/7,비정상,SKIPPED,SKIPPED,비정상,5s,-,-,5s
2025-11-08 18:49:21+0900,https://73652537.xyz/un3ciibs/6e0av5/7,비정상,SKIPPED,SKIPPED,비정상,5s,-,-,5s
2025-11-08 18:49:22+0900,https://7336547.xyz/un3ciibs/6e0av5/7,비정상,SKIPPED,SKIPPED,비정상,4s,-,-,4s
2025-11-08 18:49:22+0900,https://n26-accesso.com/index.php?id=random,비정상,SKIPPED,SKIPPED,비정상,5s,-,-,5s
2025-11-08 18:49:25+0900,https://534434.xyz/un3ciibs/6e0av5/7,비정상,SKIPPED,SKIPPED,비정상,4s,-,-,4s
2025-11-08 18:49:25+0900,https://26736366.lat/un3ciibs/6e0av5/7,비정상,SKIPPED,SKIPPED,비정상,5s,-,-,5s
2025-11-08 18:49:27+0900,https://1tfcrc.cfd/un3ciibs/6e0av5/7,비정상,SKIPPED,SKIPPED,비정상,6s,-,-,6s
2025-11-08 18:49:29+0900,https://0snw78.lat/un3ciibs/6e0av5/7,비정상,SKIPPED,SKIPPED,비정상,5s,-,-,5s
2025-11-08 18:49:30+0900,http://novobanco-empresas.ink/,비정상,SKIPPED,SKIPPED,비정상,5s,-,-,5s
2025-11-08 18:49:33+0900,https://lapecg.org/wp-includes/blocks/audio,비정상,SKIPPED,SKIPPED,비정상,4s,-,-,4s
2025-11-08 18:49:34+0900,http://msbcniko.o2tqmu.top,비정상,SKIPPED,SKIPPED,비정상,5s,-,-,5s
2025-11-08 18:49:38+0900,https://sjxjwu.top/,비정상,SKIPPED,SKIPPED,비정상,5s,-,-,5s
2025-11-08 18:49:39+0900,http://msbcniko.q2wxjj.top,비정상,SKIPPED,SKIPPED,비정상,4s,-,-,4s
2025-11-08 18:49:43+0900,https://app-9z5s.glide.page/dl/810bb9,비정상,SKIPPED,SKIPPED,비정상,4s,-,-,4s
2025-11-08 18:49:43+0900,https://edgsesetyyu.carrd.co/,비정상,SKIPPED,SKIPPED,비정상,4s,-,-,4s
2025-11-08 18:49:51+0900,https://exchange-swap.pages.dev/,비정상,SKIPPED,SKIPPED,비정상,4s,-,-,4s
2025-11-08 18:47:28+0900,https://did.li/Kvihs6-P60,정상,정상,정상,정상,5s,4s,142s,151s
2025-11-08 18:49:55+0900,https://ja.cat/GVg1O,비정상,SKIPPED,SKIPPED,비정상,5s,-,-,5s
2025-11-08 18:49:57+0900,http://io-walletlogin-trzr.weebly.com,비정상,SKIPPED,SKIPPED,비정상,4s,-,-,4s
2025-11-08 18:49:57+0900,https://aeon.hnbzxc.com/syOzBZ/#/,비정상,SKIPPED,SKIPPED,비정상,4s,-,-,4s
2025-11-08 18:48:51+0900,https://resaon.art/,정상,정상,정상,정상,3s,3s,65s,71s
2025-11-08 18:49:59+0900,http://trezer-lognwallet-io.weebly.com,비정상,SKIPPED,SKIPPED,비정상,4s,-,-,4s
2025-11-08 18:50:00+0900,https://online-i0nos-capcha-homeportal.drr.ac/#,비정상,SKIPPED,SKIPPED,비정상,4s,-,-,4s
2025-11-08 18:50:00+0900,https://www.dqblj.cn/,비정상,SKIPPED,SKIPPED,비정상,5s,-,-,5s
2025-11-08 18:50:01+0900,https://fr-vinci-autoroute.com/as.php,비정상,SKIPPED,SKIPPED,비정상,4s,-,-,4s
2025-11-08 18:50:02+0900,https://msbcniko.4z6om8.top/,비정상,SKIPPED,SKIPPED,비정상,5s,-,-,5s
2025-11-08 18:50:03+0900,https://msbcniko.i4p4zm.top/,비정상,SKIPPED,SKIPPED,비정상,5s,-,-,5s
2025-11-08 18:50:03+0900,https://msbcniko.c5x8q5.top/,비정상,SKIPPED,SKIPPED,비정상,5s,-,-,5s
2025-11-08 18:50:05+0900,https://msbcniko.j9sdcp.top/,비정상,SKIPPED,SKIPPED,비정상,4s,-,-,4s
2025-11-08 18:50:05+0900,https://peages-impayevinci.com/as.php,비정상,SKIPPED,SKIPPED,비정상,4s,-,-,4s
2025-11-08 18:50:05+0900,https://peages-impayevinci.com/,비정상,SKIPPED,SKIPPED,비정상,4s,-,-,4s
2025-11-08 18:50:07+0900,https://contrats-ulys.com/as.php,비정상,SKIPPED,SKIPPED,비정상,5s,-,-,5s
2025-11-08 18:50:08+0900,https://passage-trajet.com/,비정상,SKIPPED,SKIPPED,비정상,4s,-,-,4s
2025-11-08 18:50:08+0900,https://www.passage-trajet.com/,비정상,SKIPPED,SKIPPED,비정상,4s,-,-,4s
2025-11-08 18:50:09+0900,https://ulys-service-recouvrement-impaye.com/,비정상,SKIPPED,SKIPPED,비정상,5s,-,-,5s
2025-11-08 18:50:12+0900,https://resaon.icu/,비정상,SKIPPED,SKIPPED,비정상,4s,-,-,4s
2025-11-08 18:50:12+0900,https://www.lmztowjkl.jp%E2%88%,비정상,SKIPPED,SKIPPED,비정상,5s,-,-,5s
2025-11-08 18:50:16+0900,https://www.dlxiwlwwzo.jp%E2%88%,비정상,SKIPPED,SKIPPED,비정상,3s,-,-,3s
2025-11-08 18:50:12+0900,https://usmkhmyt.duckdns.org,비정상,SKIPPED,SKIPPED,비정상,8s,-,-,8s
2025-11-08 18:50:12+0900,https://2q1932c.duckdns.org,비정상,SKIPPED,SKIPPED,비정상,9s,-,-,9s
2025-11-08 18:50:18+0900,https://pichicrediopor.vercel.app/,비정상,SKIPPED,SKIPPED,비정상,3s,-,-,3s
2025-11-08 18:50:18+0900,https://baltrawnr.click/,비정상,SKIPPED,SKIPPED,비정상,4s,-,-,4s
2025-11-08 18:50:21+0900,https://bia.vinculevirtual.com/05gx0,비정상,SKIPPED,SKIPPED,비정상,3s,-,-,3s
2025-11-08 18:50:17+0900,https://tnm2xhh8k.duckdns.org,비정상,SKIPPED,SKIPPED,비정상,8s,-,-,8s
2025-11-08 18:50:21+0900,https://www.sante-public-carte.com/,비정상,SKIPPED,SKIPPED,비정상,4s,-,-,4s
2025-11-08 18:50:21+0900,https://sante-public-carte.com/,비정상,SKIPPED,SKIPPED,비정상,4s,-,-,4s
2025-11-08 18:50:22+0900,https://ajuste-abo-route.info,비정상,SKIPPED,SKIPPED,비정상,4s,-,-,4s
2025-11-08 18:50:24+0900,https://www.ajuste-abo-route.info,비정상,SKIPPED,SKIPPED,비정상,4s,-,-,4s
2025-11-08 18:50:26+0900,https://linqapp.com/broadband_service,비정상,SKIPPED,SKIPPED,비정상,5s,-,-,5s
2025-11-08 18:50:26+0900,https://pay.casheecursos.shop/7vJOGY4oo6VZKXd,비정상,SKIPPED,SKIPPED,비정상,5s,-,-,5s
2025-11-08 18:50:28+0900,https://offre-carte-avantage-connect.info/,비정상,SKIPPED,SKIPPED,비정상,5s,-,-,5s
2025-11-08 18:50:31+0900,https://super-app-621531.framer.app/,비정상,SKIPPED,SKIPPED,비정상,4s,-,-,4s
2025-11-08 18:50:33+0900,https://accuntbt.carrd.co/,비정상,SKIPPED,SKIPPED,비정상,5s,-,-,5s
2025-11-08 18:50:35+0900,http://discord-tradingview.netlify.app,비정상,SKIPPED,SKIPPED,비정상,4s,-,-,4s
2025-11-08 18:50:35+0900,https://discord-tradingview.netlify.app/,비정상,SKIPPED,SKIPPED,비정상,4s,-,-,4s
2025-11-08 18:50:35+0900,https://btiduswayyh.carrd.co/,비정상,SKIPPED,SKIPPED,비정상,5s,-,-,5s
2025-11-08 18:50:36+0900,https://pay.temcursos.store/eApQgz2EkKdgEb7,비정상,SKIPPED,SKIPPED,비정상,5s,-,-,5s
2025-11-08 18:50:38+0900,https://pay.temcursos.store/1VOvGV41A0k3D62,비정상,SKIPPED,SKIPPED,비정상,5s,-,-,5s
2025-11-08 18:50:39+0900,https://pay.baixacursos.site/VroegN1n8y1GKwj,비정상,SKIPPED,SKIPPED,비정상,5s,-,-,5s
2025-11-08 18:50:40+0900,https://pay.baixacursos.site/5pjw3RndAwa32lQ,비정상,SKIPPED,SKIPPED,비정상,4s,-,-,4s
2025-11-08 18:50:40+0900,https://pay.baixacursos.site/meABG9dQMpvZ6Ea,비정상,SKIPPED,SKIPPED,비정상,5s,-,-,5s
2025-11-08 18:50:41+0900,https://markmike.com/css/bqokdpeh/flcu-access,비정상,SKIPPED,SKIPPED,비정상,5s,-,-,5s
2025-11-08 18:50:43+0900,https://sso-itrustcapital-auuth.webflow.io/,비정상,SKIPPED,SKIPPED,비정상,4s,-,-,4s
2025-11-08 18:50:44+0900,https://volanttradings.weebly.com/,비정상,SKIPPED,SKIPPED,비정상,4s,-,-,4s
2025-11-08 18:50:44+0900,https://slv1948s.wixsite.com/my-site-1,비정상,SKIPPED,SKIPPED,비정상,5s,-,-,5s
2025-11-08 18:50:46+0900,https://site-0iom9xtic.godaddysites.com/,비정상,SKIPPED,SKIPPED,비정상,5s,-,-,5s
2025-11-08 18:50:47+0900,https://secure-univ-antilles-fr.weebly.com/,비정상,SKIPPED,SKIPPED,비정상,5s,-,-,5s
2025-11-08 18:50:49+0900,https://daleglick63.wixsite.com/my-site-1,비정상,SKIPPED,SKIPPED,비정상,4s,-,-,4s
2025-11-08 18:50:49+0900,https://712290393670637388.weebly.com/,비정상,SKIPPED,SKIPPED,비정상,5s,-,-,5s
2025-11-08 18:50:51+0900,https://67hgt65f.weebly.com/,비정상,SKIPPED,SKIPPED,비정상,4s,-,-,4s
2025-11-08 18:50:52+0900,https://ethdrawclaimdrop.org/wallets.html,비정상,SKIPPED,SKIPPED,비정상,5s,-,-,5s
2025-11-08 18:50:52+0900,https://atualizarnetempresa.com,비정상,SKIPPED,SKIPPED,비정상,5s,-,-,5s
2025-11-08 18:50:54+0900,https://portal-auth-io-ndx.typedream.app/,비정상,SKIPPED,SKIPPED,비정상,5s,-,-,5s
2025-11-08 18:49:44+0900,https://lhub.to/infoserver,정상,정상,정상,정상,5s,5s,67s,77s
2025-11-08 18:49:44+0900,https://lhub.to/viewyourmessages,정상,정상,정상,정상,5s,5s,67s,77s
2025-11-08 18:50:57+0900,https://vinci-espace.com/index.php,비정상,SKIPPED,SKIPPED,비정상,5s,-,-,5s
2025-11-08 18:50:57+0900,https://ebank-sso-kh-hu.lapecg.org/,비정상,SKIPPED,SKIPPED,비정상,7s,-,-,7s
2025-11-08 18:50:59+0900,https://vinci-espace.com/as.php,비정상,SKIPPED,SKIPPED,비정상,6s,-,-,6s
2025-11-08 18:51:01+0900,https://climbwest.com.au/arabba/servicio.html,비정상,SKIPPED,SKIPPED,비정상,5s,-,-,5s
2025-11-08 18:51:01+0900,https://auth-pancakeswap-exch-us.pages.dev/,비정상,SKIPPED,SKIPPED,비정상,6s,-,-,6s
2025-11-08 18:51:12+0900,https://junaso.cfd/wovsc,비정상,SKIPPED,SKIPPED,비정상,5s,-,-,5s
2025-11-08 18:51:12+0900,https://www.ratxyzij6.top,비정상,SKIPPED,SKIPPED,비정상,5s,-,-,5s
2025-11-08 18:51:14+0900,https://www.sugerfa33.xyz,비정상,SKIPPED,SKIPPED,비정상,4s,-,-,4s
2025-11-08 18:51:17+0900,https://www3-vpass.666fxt.com,비정상,SKIPPED,SKIPPED,비정상,5s,-,-,5s
2025-11-08 18:51:20+0900,https://reglement-dupeage.com/as.php,비정상,SKIPPED,SKIPPED,비정상,4s,-,-,4s
2025-11-08 18:51:22+0900,https://peage-vinci-fr.com/as.php,비정상,SKIPPED,SKIPPED,비정상,5s,-,-,5s
2025-11-08 18:51:22+0900,https://support-client.advintours.com/login,비정상,SKIPPED,SKIPPED,비정상,5s,-,-,5s
2025-11-08 18:51:27+0900,https://certiicationssfrontend.vercel.app/,비정상,SKIPPED,SKIPPED,비정상,4s,-,-,4s
2025-11-08 18:51:27+0900,https://vinci-mobile.com/,비정상,SKIPPED,SKIPPED,비정상,5s,-,-,5s
2025-11-08 18:51:27+0900,https://www.colissimo-moncolis.uluiop.fr/,비정상,SKIPPED,SKIPPED,비정상,6s,-,-,6s
2025-11-08 18:51:32+0900,https://sarasafar.com/OF2IY4,비정상,SKIPPED,SKIPPED,비정상,4s,-,-,4s
2025-11-08 18:51:33+0900,https://att-100341.weeblysite.com/,비정상,SKIPPED,SKIPPED,비정상,5s,-,-,5s
2025-11-08 18:51:36+0900,https://avanzaecuador.webcindario.com/,비정상,SKIPPED,SKIPPED,비정상,5s,-,-,5s
2025-11-08 18:51:38+0900,https://pichisa-iota.vercel.app/,비정상,SKIPPED,SKIPPED,비정상,5s,-,-,5s
2025-11-08 18:51:38+0900,https://userservicenetfiixsav.com/,비정상,SKIPPED,SKIPPED,비정상,5s,-,-,5s
2025-11-08 18:51:41+0900,https://help-coinbase-pros.netlify.app/,비정상,SKIPPED,SKIPPED,비정상,6s,-,-,6s
2025-11-08 18:51:43+0900,http://help-coinbase-pros.netlify.app,비정상,SKIPPED,SKIPPED,비정상,5s,-,-,5s
2025-11-08 18:51:43+0900,http://learn-coinpro-web.netlify.app,비정상,SKIPPED,SKIPPED,비정상,5s,-,-,5s
2025-11-08 18:51:46+0900,https://katyonline.net/iox/en/,비정상,SKIPPED,SKIPPED,비정상,4s,-,-,4s
2025-11-08 18:51:46+0900,https://ibankingsolutions.net/wpadmin/,비정상,SKIPPED,SKIPPED,비정상,5s,-,-,5s
2025-11-08 18:51:46+0900,https://cembaki.com/cid-82042-eid-6404728,비정상,SKIPPED,SKIPPED,비정상,5s,-,-,5s
2025-11-08 18:51:47+0900,https://qrco.de/bgQgxR,비정상,SKIPPED,SKIPPED,비정상,5s,-,-,5s
2025-11-08 18:51:48+0900,https://bt-101273.weeblysite.com/,비정상,SKIPPED,SKIPPED,비정상,4s,-,-,4s
2025-11-08 18:51:49+0900,https://mxg-e63fe1.webflow.io/,비정상,SKIPPED,SKIPPED,비정상,4s,-,-,4s
2025-11-08 18:51:49+0900,https://addoughty.wixsite.com/eeve,비정상,SKIPPED,SKIPPED,비정상,4s,-,-,4s
2025-11-08 18:51:48+0900,https://linqapp.com/btinternet?r=link,비정상,SKIPPED,SKIPPED,비정상,5s,-,-,5s
2025-11-08 18:51:50+0900,https://my-site-104386-107803.weeblysite.com/,비정상,SKIPPED,SKIPPED,비정상,4s,-,-,4s
2025-11-08 18:51:51+0900,https://rebeccaincredible.sellfy.store/,비정상,SKIPPED,SKIPPED,비정상,3s,-,-,3s
2025-11-08 18:47:48+0900,https://convitedigitalblack.com,정상,정상,정상,정상,4s,9s,239s,252s
2025-11-08 18:37:25+0900,https://edx.org,정상,정상,정상,정상,1s,2s,1031s,1034s
2025-11-08 18:33:45+0900,https://costco.com,정상,정상,정상,정상,2s,3s,2294s,2299s
